Timestamp,Container,Name,ID,CPUPerc,MemUsage,MemPerc,NetIO,BlockIO,PIDs
1741073394,6c254d08e82e,reverse-proxy-cache-1,6c254d08e82e,0.00%,"13.69MiB / 20MiB",68.44%,"1.24kB / 0B","0B / 0B",18
1741073394,0a1b8a96593c,reverse-proxy-agent-1,0a1b8a96593c,0.14%,"109.7MiB / 15.48GiB",0.69%,"82.5MB / 689kB","0B / 0B",32
1741073394,0fd010936a87,reverse-proxy-lb-1,0fd010936a87,0.07%,"88.42MiB / 15.48GiB",0.56%,"1.48kB / 0B","0B / 0B",37
1741073394,515ff23d746f,reverse-proxy-controller-1,515ff23d746f,0.80%,"617.4MiB / 15.48GiB",3.90%,"691kB / 82.5MB","0B / 0B",229
1741073394,eb253892f3bd,reverse-proxy-api-1,eb253892f3bd,0.08%,"51.36MiB / 200MiB",25.68%,"1.48kB / 0B","0B / 0B",20
1741073407,6c254d08e82e,reverse-proxy-cache-1,6c254d08e82e,0.00%,"13.69MiB / 20MiB",68.44%,"1.24kB / 0B","0B / 0B",18
1741073407,0a1b8a96593c,reverse-proxy-agent-1,0a1b8a96593c,1426.95%,"1.21GiB / 15.48GiB",7.82%,"82.5MB / 727kB","0B / 0B",436
1741073407,0fd010936a87,reverse-proxy-lb-1,0fd010936a87,0.08%,"88.42MiB / 15.48GiB",0.56%,"1.48kB / 0B","0B / 0B",37
1741073407,515ff23d746f,reverse-proxy-controller-1,515ff23d746f,18.42%,"639.6MiB / 15.48GiB",4.04%,"745kB / 82.5MB","0B / 0B",248
1741073407,eb253892f3bd,reverse-proxy-api-1,eb253892f3bd,0.11%,"51.36MiB / 200MiB",25.68%,"1.48kB / 0B","0B / 0B",20
1741073417,6c254d08e82e,reverse-proxy-cache-1,6c254d08e82e,0.18%,"13.83MiB / 20MiB",69.16%,"6.22kB / 4.51kB","0B / 0B",18
1741073417,0a1b8a96593c,reverse-proxy-agent-1,0a1b8a96593c,45.21%,"2.127GiB / 15.48GiB",13.75%,"82.5MB / 808kB","0B / 0B",1440
1741073417,0fd010936a87,reverse-proxy-lb-1,0fd010936a87,0.10%,"88.45MiB / 15.48GiB",0.56%,"2.52kB / 1.22kB","0B / 0B",37
1741073417,515ff23d746f,reverse-proxy-controller-1,515ff23d746f,6.80%,"640.6MiB / 15.48GiB",4.04%,"839kB / 82.5MB","0B / 0B",246
1741073417,eb253892f3bd,reverse-proxy-api-1,eb253892f3bd,0.09%,"54.63MiB / 200MiB",27.31%,"2.22kB / 452B","0B / 0B",21
1741073430,6c254d08e82e,reverse-proxy-cache-1,6c254d08e82e,0.37%,"14.04MiB / 20MiB",70.21%,"109kB / 102kB","0B / 0B",18
1741073430,0a1b8a96593c,reverse-proxy-agent-1,0a1b8a96593c,8.54%,"2.116GiB / 15.48GiB",13.67%,"82.6MB / 1.01MB","0B / 0B",1430
1741073430,0fd010936a87,reverse-proxy-lb-1,0fd010936a87,0.09%,"88.5MiB / 15.48GiB",0.56%,"4.6kB / 3.68kB","0B / 0B",37
1741073430,515ff23d746f,reverse-proxy-controller-1,515ff23d746f,3.76%,"642.5MiB / 15.48GiB",4.05%,"980kB / 82.6MB","0B / 0B",245
1741073430,eb253892f3bd,reverse-proxy-api-1,eb253892f3bd,0.09%,"54.77MiB / 200MiB",27.38%,"3.53kB / 1.58kB","0B / 0B",21
1741073442,6c254d08e82e,reverse-proxy-cache-1,6c254d08e82e,0.74%,"14.2MiB / 20MiB",71.00%,"322kB / 304kB","0B / 0B",18
1741073442,0a1b8a96593c,reverse-proxy-agent-1,0a1b8a96593c,17.63%,"2.123GiB / 15.48GiB",13.72%,"82.8MB / 1.33MB","0B / 0B",1431
1741073442,0fd010936a87,reverse-proxy-lb-1,0fd010936a87,0.08%,"88.56MiB / 15.48GiB",0.56%,"6.63kB / 6.1kB","0B / 0B",37
1741073442,515ff23d746f,reverse-proxy-controller-1,515ff23d746f,2.15%,"645.1MiB / 15.48GiB",4.07%,"1.14MB / 82.6MB","0B / 0B",245
1741073442,eb253892f3bd,reverse-proxy-api-1,eb253892f3bd,0.09%,"54.78MiB / 200MiB",27.39%,"4.81kB / 2.68kB","0B / 0B",21
1741073451,6c254d08e82e,reverse-proxy-cache-1,6c254d08e82e,0.79%,"14.09MiB / 20MiB",70.47%,"646kB / 609kB","0B / 0B",18
1741073451,0a1b8a96593c,reverse-proxy-agent-1,0a1b8a96593c,11.47%,"2.131GiB / 15.48GiB",13.77%,"83.1MB / 1.7MB","0B / 0B",1438
1741073451,0fd010936a87,reverse-proxy-lb-1,0fd010936a87,0.09%,"88.61MiB / 15.48GiB",0.56%,"8.79kB / 8.58kB","0B / 0B",37
1741073451,515ff23d746f,reverse-proxy-controller-1,515ff23d746f,2.09%,"646.7MiB / 15.48GiB",4.08%,"1.27MB / 82.6MB","0B / 0B",245
1741073451,eb253892f3bd,reverse-proxy-api-1,eb253892f3bd,0.11%,"54.79MiB / 200MiB",27.40%,"6.15kB / 3.9kB","0B / 0B",21
1741073463,6c254d08e82e,reverse-proxy-cache-1,6c254d08e82e,1.03%,"14.12MiB / 20MiB",70.59%,"1.07MB / 1.02MB","0B / 0B",18
1741073463,0a1b8a96593c,reverse-proxy-agent-1,0a1b8a96593c,19.27%,"2.137GiB / 15.48GiB",13.81%,"83.4MB / 2.2MB","0B / 0B",1431
1741073463,0fd010936a87,reverse-proxy-lb-1,0fd010936a87,0.08%,"88.66MiB / 15.48GiB",0.56%,"10.8kB / 11kB","0B / 0B",37
1741073463,515ff23d746f,reverse-proxy-controller-1,515ff23d746f,19.18%,"649.1MiB / 15.48GiB",4.10%,"1.44MB / 82.7MB","0B / 0B",244
1741073463,eb253892f3bd,reverse-proxy-api-1,eb253892f3bd,0.10%,"54.79MiB / 200MiB",27.40%,"7.43kB / 4.99kB","0B / 0B",21
1741073473,6c254d08e82e,reverse-proxy-cache-1,6c254d08e82e,1.07%,"14.16MiB / 20MiB",70.80%,"1.62MB / 1.53MB","0B / 0B",18
1741073473,0a1b8a96593c,reverse-proxy-agent-1,0a1b8a96593c,14.21%,"2.149GiB / 15.48GiB",13.89%,"83.8MB / 2.77MB","0B / 0B",1450
1741073473,0fd010936a87,reverse-proxy-lb-1,0fd010936a87,0.12%,"88.75MiB / 15.48GiB",0.56%,"13.9kB / 14.6kB","0B / 0B",37
1741073473,515ff23d746f,reverse-proxy-controller-1,515ff23d746f,264.36%,"651.2MiB / 15.48GiB",4.11%,"1.59MB / 82.7MB","0B / 0B",245
1741073473,eb253892f3bd,reverse-proxy-api-1,eb253892f3bd,0.09%,"54.8MiB / 200MiB",27.40%,"9.34kB / 6.63kB","0B / 0B",21
1741073485,6c254d08e82e,reverse-proxy-cache-1,6c254d08e82e,1.46%,"14.35MiB / 20MiB",71.74%,"2.27MB / 2.15MB","0B / 0B",18
1741073485,0a1b8a96593c,reverse-proxy-agent-1,0a1b8a96593c,23.37%,"2.167GiB / 15.48GiB",14.00%,"84.4MB / 3.45MB","0B / 0B",1444
1741073485,0fd010936a87,reverse-proxy-lb-1,0fd010936a87,0.08%,"88.84MiB / 15.48GiB",0.56%,"16.7kB / 18.1kB","0B / 0B",37
1741073485,515ff23d746f,reverse-proxy-controller-1,515ff23d746f,1.84%,"652.5MiB / 15.48GiB",4.12%,"1.76MB / 82.8MB","0B / 0B",244
1741073485,eb253892f3bd,reverse-proxy-api-1,eb253892f3bd,0.08%,"55.03MiB / 200MiB",27.52%,"11.2kB / 8.01kB","0B / 0B",22
1741073497,6c254d08e82e,reverse-proxy-cache-1,6c254d08e82e,1.43%,"14.27MiB / 20MiB",71.33%,"3.04MB / 2.88MB","0B / 0B",18
1741073497,0a1b8a96593c,reverse-proxy-agent-1,0a1b8a96593c,42.97%,"2.216GiB / 15.48GiB",14.32%,"85MB / 4.23MB","0B / 0B",1433
1741073497,0fd010936a87,reverse-proxy-lb-1,0fd010936a87,0.07%,"88.91MiB / 15.48GiB",0.56%,"19.9kB / 21.8kB","0B / 0B",37
1741073497,515ff23d746f,reverse-proxy-controller-1,515ff23d746f,4.90%,"655MiB / 15.48GiB",4.13%,"1.93MB / 82.8MB","0B / 0B",244
1741073497,eb253892f3bd,reverse-proxy-api-1,eb253892f3bd,0.08%,"55.02MiB / 200MiB",27.51%,"13.2kB / 9.78kB","0B / 0B",21
1741073507,6c254d08e82e,reverse-proxy-cache-1,6c254d08e82e,1.57%,"14.35MiB / 20MiB",71.76%,"3.92MB / 3.71MB","0B / 0B",18
1741073507,0a1b8a96593c,reverse-proxy-agent-1,0a1b8a96593c,26.39%,"2.235GiB / 15.48GiB",14.44%,"85.7MB / 5.07MB","0B / 0B",1451
1741073507,0fd010936a87,reverse-proxy-lb-1,0fd010936a87,0.08%,"88.93MiB / 15.48GiB",0.56%,"23.6kB / 26.4kB","0B / 0B",37
1741073507,515ff23d746f,reverse-proxy-controller-1,515ff23d746f,1.49%,"656.1MiB / 15.48GiB",4.14%,"2.08MB / 82.9MB","0B / 0B",245
1741073507,eb253892f3bd,reverse-proxy-api-1,eb253892f3bd,0.07%,"55.05MiB / 200MiB",27.53%,"15.5kB / 11.6kB","0B / 0B",22
1741073519,6c254d08e82e,reverse-proxy-cache-1,6c254d08e82e,1.66%,"14.38MiB / 20MiB",71.91%,"4.91MB / 4.65MB","0B / 0B",18
1741073519,0a1b8a96593c,reverse-proxy-agent-1,0a1b8a96593c,16.79%,"2.299GiB / 15.48GiB",14.85%,"86.5MB / 6.02MB","0B / 0B",1430
1741073519,0fd010936a87,reverse-proxy-lb-1,0fd010936a87,0.08%,"88.94MiB / 15.48GiB",0.56%,"28.6kB / 32.5kB","0B / 0B",37
1741073519,515ff23d746f,reverse-proxy-controller-1,515ff23d746f,2.21%,"657.9MiB / 15.48GiB",4.15%,"2.25MB / 82.9MB","0B / 0B",246
1741073519,eb253892f3bd,reverse-proxy-api-1,eb253892f3bd,0.08%,"55.27MiB / 200MiB",27.63%,"18.7kB / 14.2kB","0B / 0B",23
1741073531,6c254d08e82e,reverse-proxy-cache-1,6c254d08e82e,1.80%,"14.46MiB / 20MiB",72.32%,"6MB / 5.68MB","0B / 0B",18
1741073531,0a1b8a96593c,reverse-proxy-agent-1,0a1b8a96593c,21.37%,"2.35GiB / 15.48GiB",15.18%,"87.3MB / 7.05MB","0B / 0B",1430
1741073531,0fd010936a87,reverse-proxy-lb-1,0fd010936a87,0.11%,"88.94MiB / 15.48GiB",0.56%,"32.6kB / 37.4kB","0B / 0B",37
1741073531,515ff23d746f,reverse-proxy-controller-1,515ff23d746f,1.10%,"658.5MiB / 15.48GiB",4.15%,"2.42MB / 83MB","0B / 0B",246
1741073531,eb253892f3bd,reverse-proxy-api-1,eb253892f3bd,0.09%,"55.26MiB / 200MiB",27.63%,"21.3kB / 16.3kB","0B / 0B",22
1741073541,6c254d08e82e,reverse-proxy-cache-1,6c254d08e82e,1.85%,"14.46MiB / 20MiB",72.32%,"7.2MB / 6.82MB","0B / 0B",18
1741073541,0a1b8a96593c,reverse-proxy-agent-1,0a1b8a96593c,13.08%,"2.402GiB / 15.48GiB",15.52%,"88.2MB / 8.14MB","0B / 0B",1430
1741073541,0fd010936a87,reverse-proxy-lb-1,0fd010936a87,0.07%,"88.94MiB / 15.48GiB",0.56%,"33.7kB / 38.6kB","0B / 0B",37
1741073541,515ff23d746f,reverse-proxy-controller-1,515ff23d746f,2.09%,"659.6MiB / 15.48GiB",4.16%,"2.56MB / 83MB","0B / 0B",246
1741073541,eb253892f3bd,reverse-proxy-api-1,eb253892f3bd,0.09%,"55.26MiB / 200MiB",27.63%,"22kB / 17kB","0B / 0B",22
1741073553,6c254d08e82e,reverse-proxy-cache-1,6c254d08e82e,2.24%,"14.56MiB / 20MiB",72.79%,"8.52MB / 8.07MB","0B / 0B",18
1741073553,0a1b8a96593c,reverse-proxy-agent-1,0a1b8a96593c,54.65%,"2.486GiB / 15.48GiB",16.07%,"89.3MB / 9.35MB","0B / 0B",1430
1741073553,0fd010936a87,reverse-proxy-lb-1,0fd010936a87,0.09%,"88.97MiB / 15.48GiB",0.56%,"38.7kB / 44.8kB","0B / 0B",37
1741073553,515ff23d746f,reverse-proxy-controller-1,515ff23d746f,1.01%,"661.8MiB / 15.48GiB",4.18%,"2.73MB / 83.1MB","0B / 0B",247
1741073553,eb253892f3bd,reverse-proxy-api-1,eb253892f3bd,0.08%,"55.51MiB / 200MiB",27.75%,"25.4kB / 19.6kB","0B / 0B",24
1741073565,6c254d08e82e,reverse-proxy-cache-1,6c254d08e82e,2.32%,"14.68MiB / 20MiB",73.40%,"9.95MB / 9.42MB","0B / 0B",18
1741073565,0a1b8a96593c,reverse-proxy-agent-1,0a1b8a96593c,35.45%,"2.524GiB / 15.48GiB",16.31%,"90.4MB / 10.6MB","0B / 0B",1430
1741073565,0fd010936a87,reverse-proxy-lb-1,0fd010936a87,0.07%,"88.97MiB / 15.48GiB",0.56%,"41.7kB / 48.4kB","0B / 0B",37
1741073565,515ff23d746f,reverse-proxy-controller-1,515ff23d746f,438.15%,"653.4MiB / 15.48GiB",4.12%,"2.9MB / 83.1MB","0B / 0B",245
1741073565,eb253892f3bd,reverse-proxy-api-1,eb253892f3bd,0.08%,"55.45MiB / 200MiB",27.73%,"27.3kB / 21.3kB","0B / 0B",22
1741073574,6c254d08e82e,reverse-proxy-cache-1,6c254d08e82e,2.28%,"14.84MiB / 20MiB",74.20%,"11.5MB / 10.9MB","0B / 0B",18
1741073574,0a1b8a96593c,reverse-proxy-agent-1,0a1b8a96593c,15.51%,"2.56GiB / 15.48GiB",16.54%,"91.5MB / 12MB","0B / 0B",1430
1741073574,0fd010936a87,reverse-proxy-lb-1,0fd010936a87,0.08%,"88.98MiB / 15.48GiB",0.56%,"46.3kB / 54.1kB","0B / 0B",37
1741073574,515ff23d746f,reverse-proxy-controller-1,515ff23d746f,1.41%,"655MiB / 15.48GiB",4.13%,"3.08MB / 83.3MB","0B / 0B",243
1741073574,eb253892f3bd,reverse-proxy-api-1,eb253892f3bd,0.09%,"55.46MiB / 200MiB",27.73%,"30kB / 23.4kB","0B / 0B",22
1741073586,6c254d08e82e,reverse-proxy-cache-1,6c254d08e82e,2.45%,"14.86MiB / 20MiB",74.32%,"13.1MB / 12.4MB","0B / 0B",18
1741073586,0a1b8a96593c,reverse-proxy-agent-1,0a1b8a96593c,20.53%,"2.594GiB / 15.48GiB",16.76%,"92.8MB / 13.5MB","0B / 0B",1430
1741073586,0fd010936a87,reverse-proxy-lb-1,0fd010936a87,0.11%,"88.98MiB / 15.48GiB",0.56%,"48.3kB / 56.5kB","0B / 0B",37
1741073586,515ff23d746f,reverse-proxy-controller-1,515ff23d746f,8.32%,"656.8MiB / 15.48GiB",4.14%,"3.27MB / 83.3MB","0B / 0B",243
1741073586,eb253892f3bd,reverse-proxy-api-1,eb253892f3bd,0.08%,"55.43MiB / 200MiB",27.72%,"31.3kB / 24.5kB","0B / 0B",21
1741073596,6c254d08e82e,reverse-proxy-cache-1,6c254d08e82e,3.07%,"14.66MiB / 20MiB",73.28%,"14.9MB / 14.1MB","0B / 0B",18
1741073596,0a1b8a96593c,reverse-proxy-agent-1,0a1b8a96593c,17.71%,"2.597GiB / 15.48GiB",16.78%,"94.2MB / 15MB","0B / 0B",1430
1741073596,0fd010936a87,reverse-proxy-lb-1,0fd010936a87,0.14%,"89.01MiB / 15.48GiB",0.56%,"51.2kB / 60.1kB","0B / 0B",37
1741073596,515ff23d746f,reverse-proxy-controller-1,515ff23d746f,4.12%,"658.3MiB / 15.48GiB",4.15%,"3.42MB / 83.4MB","0B / 0B",243
1741073596,eb253892f3bd,reverse-proxy-api-1,eb253892f3bd,0.63%,"55.48MiB / 200MiB",27.74%,"33.2kB / 26.1kB","0B / 0B",22
1741073608,6c254d08e82e,reverse-proxy-cache-1,6c254d08e82e,3.00%,"14.96MiB / 20MiB",74.80%,"16.8MB / 15.9MB","0B / 0B",18
1741073608,0a1b8a96593c,reverse-proxy-agent-1,0a1b8a96593c,83.50%,"2.646GiB / 15.48GiB",17.10%,"95.6MB / 16.7MB","0B / 0B",1430
1741073608,0fd010936a87,reverse-proxy-lb-1,0fd010936a87,0.10%,"89.01MiB / 15.48GiB",0.56%,"55.4kB / 65kB","0B / 0B",37
1741073608,515ff23d746f,reverse-proxy-controller-1,515ff23d746f,10.98%,"660.3MiB / 15.48GiB",4.17%,"3.61MB / 83.5MB","0B / 0B",243
1741073608,eb253892f3bd,reverse-proxy-api-1,eb253892f3bd,0.47%,"55.5MiB / 200MiB",27.75%,"35.9kB / 28.3kB","0B / 0B",22
1741073620,6c254d08e82e,reverse-proxy-cache-1,6c254d08e82e,2.84%,"14.73MiB / 20MiB",73.63%,"18.7MB / 17.8MB","0B / 0B",18
1741073620,0a1b8a96593c,reverse-proxy-agent-1,0a1b8a96593c,18.41%,"2.672GiB / 15.48GiB",17.26%,"97.1MB / 18.4MB","0B / 0B",1430
1741073620,0fd010936a87,reverse-proxy-lb-1,0fd010936a87,0.11%,"89.03MiB / 15.48GiB",0.56%,"58.4kB / 68.6kB","0B / 0B",37
1741073620,515ff23d746f,reverse-proxy-controller-1,515ff23d746f,1.69%,"660.7MiB / 15.48GiB",4.17%,"3.79MB / 83.5MB","0B / 0B",243
1741073620,eb253892f3bd,reverse-proxy-api-1,eb253892f3bd,0.38%,"55.51MiB / 200MiB",27.76%,"37.8kB / 29.9kB","0B / 0B",22
1741073630,6c254d08e82e,reverse-proxy-cache-1,6c254d08e82e,2.98%,"14.77MiB / 20MiB",73.85%,"20.8MB / 19.7MB","0B / 0B",18
1741073630,0a1b8a96593c,reverse-proxy-agent-1,0a1b8a96593c,30.37%,"2.723GiB / 15.48GiB",17.59%,"98.7MB / 20.2MB","0B / 0B",1431
1741073630,0fd010936a87,reverse-proxy-lb-1,0fd010936a87,0.08%,"89.03MiB / 15.48GiB",0.56%,"60.3kB / 71kB","0B / 0B",37
1741073630,515ff23d746f,reverse-proxy-controller-1,515ff23d746f,2.04%,"662.6MiB / 15.48GiB",4.18%,"3.94MB / 83.6MB","0B / 0B",247
1741073630,eb253892f3bd,reverse-proxy-api-1,eb253892f3bd,0.07%,"55.53MiB / 200MiB",27.77%,"39kB / 30.9kB","0B / 0B",22
1741073642,6c254d08e82e,reverse-proxy-cache-1,6c254d08e82e,3.01%,"14.91MiB / 20MiB",74.55%,"23MB / 21.8MB","0B / 0B",18
1741073642,0a1b8a96593c,reverse-proxy-agent-1,0a1b8a96593c,17.31%,"2.822GiB / 15.48GiB",18.24%,"100MB / 22.2MB","0B / 0B",1430
1741073642,0fd010936a87,reverse-proxy-lb-1,0fd010936a87,0.08%,"89.04MiB / 15.48GiB",0.56%,"64.2kB / 75.7kB","0B / 0B",37
1741073642,515ff23d746f,reverse-proxy-controller-1,515ff23d746f,2.73%,"664.9MiB / 15.48GiB",4.20%,"4.12MB / 83.6MB","0B / 0B",245
1741073642,eb253892f3bd,reverse-proxy-api-1,eb253892f3bd,0.08%,"55.53MiB / 200MiB",27.77%,"41.4kB / 32.9kB","0B / 0B",22
1741073654,6c254d08e82e,reverse-proxy-cache-1,6c254d08e82e,3.11%,"14.83MiB / 20MiB",74.16%,"25.3MB / 24MB","0B / 0B",18
1741073654,0a1b8a96593c,reverse-proxy-agent-1,0a1b8a96593c,17.29%,"2.891GiB / 15.48GiB",18.68%,"102MB / 24.1MB","0B / 0B",1430
1741073654,0fd010936a87,reverse-proxy-lb-1,0fd010936a87,0.09%,"89.05MiB / 15.48GiB",0.56%,"67.3kB / 79.3kB","0B / 0B",37
1741073654,515ff23d746f,reverse-proxy-controller-1,515ff23d746f,13.87%,"665.5MiB / 15.48GiB",4.20%,"4.29MB / 83.7MB","0B / 0B",245
1741073654,eb253892f3bd,reverse-proxy-api-1,eb253892f3bd,0.09%,"55.53MiB / 200MiB",27.77%,"43.3kB / 34.6kB","0B / 0B",22
1741073664,6c254d08e82e,reverse-proxy-cache-1,6c254d08e82e,3.42%,"14.87MiB / 20MiB",74.36%,"27.8MB / 26.3MB","0B / 0B",18
1741073664,0a1b8a96593c,reverse-proxy-agent-1,0a1b8a96593c,37.29%,"2.95GiB / 15.48GiB",19.06%,"104MB / 26.2MB","0B / 0B",1430
1741073664,0fd010936a87,reverse-proxy-lb-1,0fd010936a87,0.08%,"89.12MiB / 15.48GiB",0.56%,"73kB / 86.6kB","0B / 0B",37
1741073664,515ff23d746f,reverse-proxy-controller-1,515ff23d746f,2.39%,"666.3MiB / 15.48GiB",4.20%,"4.44MB / 83.7MB","0B / 0B",245
1741073664,eb253892f3bd,reverse-proxy-api-1,eb253892f3bd,0.09%,"59.93MiB / 200MiB",29.97%,"47.1kB / 37.5kB","0B / 0B",24
1741073676,6c254d08e82e,reverse-proxy-cache-1,6c254d08e82e,3.39%,"14.84MiB / 20MiB",74.22%,"30.3MB / 28.7MB","0B / 0B",18
1741073676,0a1b8a96593c,reverse-proxy-agent-1,0a1b8a96593c,34.07%,"3.014GiB / 15.48GiB",19.48%,"106MB / 28.4MB","0B / 0B",1430
1741073676,0fd010936a87,reverse-proxy-lb-1,0fd010936a87,0.07%,"89.13MiB / 15.48GiB",0.56%,"79.1kB / 94kB","0B / 0B",37
1741073676,515ff23d746f,reverse-proxy-controller-1,515ff23d746f,1.21%,"666.9MiB / 15.48GiB",4.21%,"4.62MB / 83.8MB","0B / 0B",245
1741073676,eb253892f3bd,reverse-proxy-api-1,eb253892f3bd,0.08%,"59.88MiB / 200MiB",29.94%,"51.2kB / 40.7kB","0B / 0B",22
1741073685,6c254d08e82e,reverse-proxy-cache-1,6c254d08e82e,4.04%,"14.88MiB / 20MiB",74.39%,"32.9MB / 31.2MB","0B / 0B",18
1741073685,0a1b8a96593c,reverse-proxy-agent-1,0a1b8a96593c,132.60%,"3.109GiB / 15.48GiB",20.09%,"108MB / 30.6MB","0B / 0B",1430
1741073685,0fd010936a87,reverse-proxy-lb-1,0fd010936a87,0.07%,"89.14MiB / 15.48GiB",0.56%,"81.4kB / 96.5kB","0B / 0B",37
1741073685,515ff23d746f,reverse-proxy-controller-1,515ff23d746f,1.59%,"667.9MiB / 15.48GiB",4.21%,"4.76MB / 83.8MB","0B / 0B",244
1741073685,eb253892f3bd,reverse-proxy-api-1,eb253892f3bd,0.08%,"59.88MiB / 200MiB",29.94%,"52.6kB / 42.1kB","0B / 0B",22
1741073697,6c254d08e82e,reverse-proxy-cache-1,6c254d08e82e,3.32%,"14.95MiB / 20MiB",74.73%,"35.7MB / 33.8MB","0B / 0B",18
1741073697,0a1b8a96593c,reverse-proxy-agent-1,0a1b8a96593c,16.42%,"3.151GiB / 15.48GiB",20.36%,"110MB / 33MB","0B / 0B",1430
1741073697,0fd010936a87,reverse-proxy-lb-1,0fd010936a87,0.08%,"89.18MiB / 15.48GiB",0.56%,"89.3kB / 106kB","0B / 0B",37
1741073697,515ff23d746f,reverse-proxy-controller-1,515ff23d746f,1.63%,"668.9MiB / 15.48GiB",4.22%,"4.94MB / 83.9MB","0B / 0B",244
1741073697,eb253892f3bd,reverse-proxy-api-1,eb253892f3bd,0.11%,"60.28MiB / 200MiB",30.14%,"57.9kB / 46.3kB","0B / 0B",25
1741073709,6c254d08e82e,reverse-proxy-cache-1,6c254d08e82e,3.59%,"14.95MiB / 20MiB",74.77%,"38.5MB / 36.5MB","0B / 0B",18
1741073709,0a1b8a96593c,reverse-proxy-agent-1,0a1b8a96593c,19.72%,"3.22GiB / 15.48GiB",20.80%,"112MB / 35.4MB","0B / 0B",1430
1741073709,0fd010936a87,reverse-proxy-lb-1,0fd010936a87,0.08%,"89.19MiB / 15.48GiB",0.56%,"95kB / 114kB","0B / 0B",37
1741073709,515ff23d746f,reverse-proxy-controller-1,515ff23d746f,1.34%,"670MiB / 15.48GiB",4.23%,"5.12MB / 83.9MB","0B / 0B",244
1741073709,eb253892f3bd,reverse-proxy-api-1,eb253892f3bd,0.08%,"60.27MiB / 200MiB",30.13%,"61.6kB / 49.2kB","0B / 0B",24
1741073719,6c254d08e82e,reverse-proxy-cache-1,6c254d08e82e,3.95%,"15.1MiB / 20MiB",75.49%,"41.5MB / 39.3MB","0B / 0B",18
1741073719,0a1b8a96593c,reverse-proxy-agent-1,0a1b8a96593c,17.88%,"3.34GiB / 15.48GiB",21.58%,"114MB / 37.9MB","0B / 0B",1447
1741073719,0fd010936a87,reverse-proxy-lb-1,0fd010936a87,0.08%,"89.15MiB / 15.48GiB",0.56%,"103kB / 123kB","0B / 0B",37
1741073719,515ff23d746f,reverse-proxy-controller-1,515ff23d746f,1.48%,"658.3MiB / 15.48GiB",4.15%,"5.27MB / 84MB","0B / 0B",244
1741073719,eb253892f3bd,reverse-proxy-api-1,eb253892f3bd,0.08%,"61.73MiB / 200MiB",30.86%,"66.5kB / 52.9kB","0B / 0B",25
1741073731,6c254d08e82e,reverse-proxy-cache-1,6c254d08e82e,4.01%,"15.04MiB / 20MiB",75.20%,"44.6MB / 42.2MB","0B / 0B",18
1741073731,0a1b8a96593c,reverse-proxy-agent-1,0a1b8a96593c,16.73%,"3.495GiB / 15.48GiB",22.58%,"117MB / 40.5MB","0B / 0B",1430
1741073731,0fd010936a87,reverse-proxy-lb-1,0fd010936a87,0.07%,"89.15MiB / 15.48GiB",0.56%,"108kB / 129kB","0B / 0B",37
1741073731,515ff23d746f,reverse-proxy-controller-1,515ff23d746f,1.25%,"658.9MiB / 15.48GiB",4.16%,"5.45MB / 84MB","0B / 0B",244
1741073731,eb253892f3bd,reverse-proxy-api-1,eb253892f3bd,0.09%,"61.64MiB / 200MiB",30.82%,"70kB / 55.8kB","0B / 0B",22
1741073743,6c254d08e82e,reverse-proxy-cache-1,6c254d08e82e,3.97%,"15.19MiB / 20MiB",75.96%,"47.8MB / 45.3MB","0B / 0B",18
1741073743,0a1b8a96593c,reverse-proxy-agent-1,0a1b8a96593c,17.14%,"3.679GiB / 15.48GiB",23.77%,"119MB / 43.2MB","0B / 0B",1439
1741073743,0fd010936a87,reverse-proxy-lb-1,0fd010936a87,0.07%,"89.15MiB / 15.48GiB",0.56%,"115kB / 138kB","0B / 0B",37
1741073743,515ff23d746f,reverse-proxy-controller-1,515ff23d746f,1.40%,"659.8MiB / 15.48GiB",4.16%,"5.63MB / 84.1MB","0B / 0B",247
1741073743,eb253892f3bd,reverse-proxy-api-1,eb253892f3bd,0.08%,"61.74MiB / 200MiB",30.87%,"74.5kB / 59.4kB","0B / 0B",25
1741073753,6c254d08e82e,reverse-proxy-cache-1,6c254d08e82e,4.19%,"15.12MiB / 20MiB",75.59%,"51.1MB / 48.4MB","0B / 0B",18
1741073753,0a1b8a96593c,reverse-proxy-agent-1,0a1b8a96593c,19.61%,"3.832GiB / 15.48GiB",24.76%,"122MB / 46MB","0B / 0B",1431
1741073753,0fd010936a87,reverse-proxy-lb-1,0fd010936a87,0.11%,"89.17MiB / 15.48GiB",0.56%,"121kB / 145kB","0B / 0B",37
1741073753,515ff23d746f,reverse-proxy-controller-1,515ff23d746f,3.66%,"660.8MiB / 15.48GiB",4.17%,"5.77MB / 84.1MB","0B / 0B",248
1741073753,eb253892f3bd,reverse-proxy-api-1,eb253892f3bd,0.35%,"61.72MiB / 200MiB",30.86%,"78.3kB / 62.6kB","0B / 0B",24
1741073765,6c254d08e82e,reverse-proxy-cache-1,6c254d08e82e,4.06%,"15.23MiB / 20MiB",76.15%,"54.5MB / 51.6MB","0B / 0B",18
1741073765,0a1b8a96593c,reverse-proxy-agent-1,0a1b8a96593c,17.11%,"3.954GiB / 15.48GiB",25.55%,"124MB / 48.9MB","0B / 0B",1430
1741073765,0fd010936a87,reverse-proxy-lb-1,0fd010936a87,0.15%,"89.17MiB / 15.48GiB",0.56%,"127kB / 153kB","0B / 0B",37
1741073765,515ff23d746f,reverse-proxy-controller-1,515ff23d746f,1.31%,"663.4MiB / 15.48GiB",4.19%,"5.95MB / 84.2MB","0B / 0B",245
1741073765,eb253892f3bd,reverse-proxy-api-1,eb253892f3bd,0.78%,"61.69MiB / 200MiB",30.85%,"82.6kB / 65.9kB","0B / 0B",23
1741073774,6c254d08e82e,reverse-proxy-cache-1,6c254d08e82e,4.54%,"15.41MiB / 20MiB",77.05%,"57.6MB / 54.6MB","0B / 0B",18
1741073774,0a1b8a96593c,reverse-proxy-agent-1,0a1b8a96593c,21.49%,"4.102GiB / 15.48GiB",26.50%,"127MB / 51.7MB","0B / 0B",1430
1741073774,0fd010936a87,reverse-proxy-lb-1,0fd010936a87,0.06%,"89.16MiB / 15.48GiB",0.56%,"130kB / 157kB","0B / 0B",37
1741073774,515ff23d746f,reverse-proxy-controller-1,515ff23d746f,188.81%,"663.9MiB / 15.48GiB",4.19%,"6.09MB / 84.2MB","0B / 0B",245
1741073774,eb253892f3bd,reverse-proxy-api-1,eb253892f3bd,0.08%,"61.67MiB / 200MiB",30.83%,"84.4kB / 67.5kB","0B / 0B",22
1741073786,6c254d08e82e,reverse-proxy-cache-1,6c254d08e82e,1.39%,"15.06MiB / 20MiB",75.29%,"60.6MB / 57.4MB","0B / 0B",18
1741073786,0a1b8a96593c,reverse-proxy-agent-1,0a1b8a96593c,44.64%,"4.23GiB / 15.48GiB",27.33%,"129MB / 54.6MB","0B / 0B",1434
1741073786,0fd010936a87,reverse-proxy-lb-1,0fd010936a87,0.08%,"89.23MiB / 15.48GiB",0.56%,"141kB / 170kB","0B / 0B",37
1741073786,515ff23d746f,reverse-proxy-controller-1,515ff23d746f,1.18%,"665.1MiB / 15.48GiB",4.20%,"6.27MB / 84.3MB","0B / 0B",245
1741073786,eb253892f3bd,reverse-proxy-api-1,eb253892f3bd,0.08%,"67.07MiB / 200MiB",33.54%,"91.6kB / 73kB","0B / 0B",26
1741073798,6c254d08e82e,reverse-proxy-cache-1,6c254d08e82e,4.44%,"15.13MiB / 20MiB",75.66%,"63.8MB / 60.4MB","0B / 0B",18
1741073798,0a1b8a96593c,reverse-proxy-agent-1,0a1b8a96593c,19.48%,"4.341GiB / 15.48GiB",28.05%,"132MB / 57.6MB","0B / 0B",1430
1741073798,0fd010936a87,reverse-proxy-lb-1,0fd010936a87,0.10%,"89.23MiB / 15.48GiB",0.56%,"146kB / 176kB","0B / 0B",37
1741073798,515ff23d746f,reverse-proxy-controller-1,515ff23d746f,0.99%,"666.5MiB / 15.48GiB",4.21%,"6.45MB / 84.3MB","0B / 0B",244
1741073798,eb253892f3bd,reverse-proxy-api-1,eb253892f3bd,0.08%,"67.03MiB / 200MiB",33.51%,"94.8kB / 75.6kB","0B / 0B",23
1741073808,6c254d08e82e,reverse-proxy-cache-1,6c254d08e82e,4.72%,"15.12MiB / 20MiB",75.62%,"67.1MB / 63.5MB","0B / 0B",18
1741073808,0a1b8a96593c,reverse-proxy-agent-1,0a1b8a96593c,21.48%,"4.461GiB / 15.48GiB",28.83%,"134MB / 60.7MB","0B / 0B",1430
1741073808,0fd010936a87,reverse-proxy-lb-1,0fd010936a87,0.08%,"89.25MiB / 15.48GiB",0.56%,"150kB / 181kB","0B / 0B",37
1741073808,515ff23d746f,reverse-proxy-controller-1,515ff23d746f,1.08%,"666.9MiB / 15.48GiB",4.21%,"6.59MB / 84.4MB","0B / 0B",245
1741073808,eb253892f3bd,reverse-proxy-api-1,eb253892f3bd,0.09%,"67MiB / 200MiB",33.50%,"97.4kB / 77.8kB","0B / 0B",22
1741073820,6c254d08e82e,reverse-proxy-cache-1,6c254d08e82e,1.52%,"15.12MiB / 20MiB",75.59%,"70.3MB / 66.6MB","0B / 0B",18
1741073820,0a1b8a96593c,reverse-proxy-agent-1,0a1b8a96593c,31.66%,"4.584GiB / 15.48GiB",29.62%,"137MB / 63.8MB","0B / 0B",1430
1741073820,0fd010936a87,reverse-proxy-lb-1,0fd010936a87,0.09%,"89.27MiB / 15.48GiB",0.56%,"158kB / 191kB","0B / 0B",37
1741073820,515ff23d746f,reverse-proxy-controller-1,515ff23d746f,1.94%,"668.6MiB / 15.48GiB",4.22%,"6.77MB / 84.4MB","0B / 0B",244
1741073820,eb253892f3bd,reverse-proxy-api-1,eb253892f3bd,0.08%,"65.66MiB / 200MiB",32.83%,"102kB / 81.7kB","0B / 0B",24
1741073832,6c254d08e82e,reverse-proxy-cache-1,6c254d08e82e,4.92%,"15.29MiB / 20MiB",76.43%,"73.8MB / 69.8MB","0B / 0B",18
1741073832,0a1b8a96593c,reverse-proxy-agent-1,0a1b8a96593c,21.88%,"4.733GiB / 15.48GiB",30.58%,"140MB / 67.1MB","0B / 0B",1430
1741073832,0fd010936a87,reverse-proxy-lb-1,0fd010936a87,0.06%,"89.28MiB / 15.48GiB",0.56%,"164kB / 198kB","0B / 0B",37
1741073832,515ff23d746f,reverse-proxy-controller-1,515ff23d746f,0.90%,"669.7MiB / 15.48GiB",4.23%,"6.95MB / 84.5MB","0B / 0B",244
1741073832,eb253892f3bd,reverse-proxy-api-1,eb253892f3bd,0.08%,"65.67MiB / 200MiB",32.83%,"106kB / 84.8kB","0B / 0B",24
1741073842,6c254d08e82e,reverse-proxy-cache-1,6c254d08e82e,4.19%,"15.1MiB / 20MiB",75.49%,"76.8MB / 72.8MB","0B / 0B",18
1741073842,0a1b8a96593c,reverse-proxy-agent-1,0a1b8a96593c,26.62%,"4.876GiB / 15.48GiB",31.50%,"143MB / 70.3MB","0B / 0B",1430
1741073842,0fd010936a87,reverse-proxy-lb-1,0fd010936a87,0.07%,"89.29MiB / 15.48GiB",0.56%,"167kB / 202kB","0B / 0B",37
1741073842,515ff23d746f,reverse-proxy-controller-1,515ff23d746f,1.39%,"670.7MiB / 15.48GiB",4.23%,"7.1MB / 84.5MB","0B / 0B",244
1741073842,eb253892f3bd,reverse-proxy-api-1,eb253892f3bd,0.09%,"65.61MiB / 200MiB",32.81%,"108kB / 86.5kB","0B / 0B",22
1741073854,6c254d08e82e,reverse-proxy-cache-1,6c254d08e82e,4.46%,"15.17MiB / 20MiB",75.86%,"79.8MB / 75.6MB","0B / 0B",18
1741073854,0a1b8a96593c,reverse-proxy-agent-1,0a1b8a96593c,29.32%,"4.99GiB / 15.48GiB",32.24%,"145MB / 73.5MB","0B / 0B",1431
1741073854,0fd010936a87,reverse-proxy-lb-1,0fd010936a87,0.12%,"89.36MiB / 15.48GiB",0.56%,"178kB / 216kB","0B / 0B",37
1741073854,515ff23d746f,reverse-proxy-controller-1,515ff23d746f,1.13%,"671.7MiB / 15.48GiB",4.24%,"7.27MB / 84.6MB","0B / 0B",246
1741073854,eb253892f3bd,reverse-proxy-api-1,eb253892f3bd,0.10%,"68.16MiB / 200MiB",34.08%,"116kB / 92.4kB","0B / 0B",28
1741073863,6c254d08e82e,reverse-proxy-cache-1,6c254d08e82e,5.94%,"15.53MiB / 20MiB",77.64%,"83.1MB / 78.7MB","0B / 0B",18
1741073863,0a1b8a96593c,reverse-proxy-agent-1,0a1b8a96593c,24.93%,"5.077GiB / 15.48GiB",32.80%,"148MB / 76.9MB","0B / 0B",1430
1741073863,0fd010936a87,reverse-proxy-lb-1,0fd010936a87,0.07%,"89.38MiB / 15.48GiB",0.56%,"185kB / 225kB","0B / 0B",37
1741073863,515ff23d746f,reverse-proxy-controller-1,515ff23d746f,392.10%,"673.9MiB / 15.48GiB",4.25%,"7.43MB / 84.6MB","0B / 0B",246
1741073863,eb253892f3bd,reverse-proxy-api-1,eb253892f3bd,0.09%,"68.04MiB / 200MiB",34.02%,"121kB / 96kB","0B / 0B",24
1741073875,6c254d08e82e,reverse-proxy-cache-1,6c254d08e82e,3.88%,"15.2MiB / 20MiB",75.98%,"86.4MB / 81.8MB","0B / 0B",18
1741073875,0a1b8a96593c,reverse-proxy-agent-1,0a1b8a96593c,33.64%,"5.112GiB / 15.48GiB",33.03%,"151MB / 80.4MB","0B / 0B",1430
1741073875,0fd010936a87,reverse-proxy-lb-1,0fd010936a87,0.08%,"89.42MiB / 15.48GiB",0.56%,"194kB / 236kB","0B / 0B",37
1741073875,515ff23d746f,reverse-proxy-controller-1,515ff23d746f,1.68%,"676MiB / 15.48GiB",4.27%,"7.6MB / 84.7MB","0B / 0B",247
1741073875,eb253892f3bd,reverse-proxy-api-1,eb253892f3bd,0.09%,"68.05MiB / 200MiB",34.03%,"126kB / 100kB","0B / 0B",24
1741073887,6c254d08e82e,reverse-proxy-cache-1,6c254d08e82e,5.26%,"15.38MiB / 20MiB",76.88%,"89.7MB / 85MB","0B / 0B",18
1741073887,0a1b8a96593c,reverse-proxy-agent-1,0a1b8a96593c,21.56%,"5.119GiB / 15.48GiB",33.08%,"154MB / 83.9MB","0B / 0B",1431
1741073887,0fd010936a87,reverse-proxy-lb-1,0fd010936a87,0.08%,"89.44MiB / 15.48GiB",0.56%,"202kB / 247kB","0B / 0B",37
1741073887,515ff23d746f,reverse-proxy-controller-1,515ff23d746f,1.04%,"676.5MiB / 15.48GiB",4.27%,"7.78MB / 84.8MB","0B / 0B",246
1741073887,eb253892f3bd,reverse-proxy-api-1,eb253892f3bd,0.08%,"68.87MiB / 200MiB",34.43%,"132kB / 105kB","0B / 0B",26
1741073897,6c254d08e82e,reverse-proxy-cache-1,6c254d08e82e,5.77%,"15.4MiB / 20MiB",76.99%,"93.1MB / 88.1MB","0B / 0B",18
1741073897,0a1b8a96593c,reverse-proxy-agent-1,0a1b8a96593c,25.42%,"5.133GiB / 15.48GiB",33.17%,"157MB / 87.5MB","0B / 0B",1430
1741073897,0fd010936a87,reverse-proxy-lb-1,0fd010936a87,0.08%,"89.44MiB / 15.48GiB",0.56%,"207kB / 252kB","0B / 0B",37
1741073897,515ff23d746f,reverse-proxy-controller-1,515ff23d746f,1.68%,"677.4MiB / 15.48GiB",4.27%,"7.92MB / 84.8MB","0B / 0B",246
1741073897,eb253892f3bd,reverse-proxy-api-1,eb253892f3bd,0.08%,"68.86MiB / 200MiB",34.43%,"135kB / 107kB","0B / 0B",26
1741073909,6c254d08e82e,reverse-proxy-cache-1,6c254d08e82e,0.00%,"15.2MiB / 20MiB",76.02%,"95.8MB / 90.8MB","0B / 0B",18
1741073909,0a1b8a96593c,reverse-proxy-agent-1,0a1b8a96593c,37.84%,"5.14GiB / 15.48GiB",33.21%,"160MB / 91MB","0B / 0B",1430
1741073909,0fd010936a87,reverse-proxy-lb-1,0fd010936a87,0.12%,"89.52MiB / 15.48GiB",0.56%,"216kB / 264kB","0B / 0B",37
1741073909,515ff23d746f,reverse-proxy-controller-1,515ff23d746f,0.81%,"662.4MiB / 15.48GiB",4.18%,"8.1MB / 84.9MB","0B / 0B",243
1741073909,eb253892f3bd,reverse-proxy-api-1,eb253892f3bd,0.08%,"71.05MiB / 200MiB",35.53%,"141kB / 112kB","0B / 0B",26
1741073921,6c254d08e82e,reverse-proxy-cache-1,6c254d08e82e,5.63%,"15.49MiB / 20MiB",77.44%,"99.2MB / 93.9MB","0B / 0B",18
1741073921,0a1b8a96593c,reverse-proxy-agent-1,0a1b8a96593c,23.52%,"5.178GiB / 15.48GiB",33.46%,"163MB / 94.7MB","0B / 0B",1430
1741073921,0fd010936a87,reverse-proxy-lb-1,0fd010936a87,0.07%,"89.51MiB / 15.48GiB",0.56%,"224kB / 273kB","0B / 0B",37
1741073921,515ff23d746f,reverse-proxy-controller-1,515ff23d746f,1.18%,"663.4MiB / 15.48GiB",4.19%,"8.28MB / 84.9MB","0B / 0B",243
1741073921,eb253892f3bd,reverse-proxy-api-1,eb253892f3bd,0.09%,"69.57MiB / 200MiB",34.78%,"146kB / 116kB","0B / 0B",23
1741073931,6c254d08e82e,reverse-proxy-cache-1,6c254d08e82e,6.49%,"15.45MiB / 20MiB",77.27%,"103MB / 97.2MB","0B / 0B",18
1741073931,0a1b8a96593c,reverse-proxy-agent-1,0a1b8a96593c,28.08%,"5.238GiB / 15.48GiB",33.84%,"166MB / 98.5MB","0B / 0B",1430
1741073931,0fd010936a87,reverse-proxy-lb-1,0fd010936a87,0.16%,"89.56MiB / 15.48GiB",0.57%,"231kB / 282kB","0B / 0B",37
1741073931,515ff23d746f,reverse-proxy-controller-1,515ff23d746f,1.01%,"664.5MiB / 15.48GiB",4.19%,"8.43MB / 85MB","0B / 0B",245
1741073931,eb253892f3bd,reverse-proxy-api-1,eb253892f3bd,0.08%,"69.57MiB / 200MiB",34.79%,"151kB / 120kB","0B / 0B",23
1741073943,6c254d08e82e,reverse-proxy-cache-1,6c254d08e82e,0.00%,"15.23MiB / 20MiB",76.17%,"106MB / 100MB","0B / 0B",18
1741073943,0a1b8a96593c,reverse-proxy-agent-1,0a1b8a96593c,37.19%,"5.307GiB / 15.48GiB",34.29%,"169MB / 102MB","0B / 0B",1430
1741073943,0fd010936a87,reverse-proxy-lb-1,0fd010936a87,0.09%,"89.57MiB / 15.48GiB",0.57%,"239kB / 292kB","0B / 0B",37
1741073943,515ff23d746f,reverse-proxy-controller-1,515ff23d746f,1.08%,"665MiB / 15.48GiB",4.20%,"8.6MB / 85MB","0B / 0B",243
1741073943,eb253892f3bd,reverse-proxy-api-1,eb253892f3bd,0.08%,"69.59MiB / 200MiB",34.79%,"157kB / 124kB","0B / 0B",23
1741073955,6c254d08e82e,reverse-proxy-cache-1,6c254d08e82e,6.68%,"15.62MiB / 20MiB",78.09%,"109MB / 103MB","0B / 0B",18
1741073955,0a1b8a96593c,reverse-proxy-agent-1,0a1b8a96593c,26.93%,"5.331GiB / 15.48GiB",34.45%,"172MB / 106MB","0B / 0B",1430
1741073955,0fd010936a87,reverse-proxy-lb-1,0fd010936a87,0.07%,"89.67MiB / 15.48GiB",0.57%,"260kB / 320kB","0B / 0B",37
1741073955,515ff23d746f,reverse-proxy-controller-1,515ff23d746f,118.44%,"666.2MiB / 15.48GiB",4.20%,"8.76MB / 85.1MB","0B / 0B",243
1741073955,eb253892f3bd,reverse-proxy-api-1,eb253892f3bd,0.08%,"70.81MiB / 200MiB",35.40%,"171kB / 134kB","0B / 0B",29
1741073964,6c254d08e82e,reverse-proxy-cache-1,6c254d08e82e,2.21%,"15.45MiB / 20MiB",77.23%,"112MB / 106MB","0B / 0B",18
1741073964,0a1b8a96593c,reverse-proxy-agent-1,0a1b8a96593c,37.21%,"5.332GiB / 15.48GiB",34.45%,"175MB / 110MB","0B / 0B",1430
1741073964,0fd010936a87,reverse-proxy-lb-1,0fd010936a87,0.09%,"89.75MiB / 15.48GiB",0.57%,"269kB / 331kB","0B / 0B",37
1741073964,515ff23d746f,reverse-proxy-controller-1,515ff23d746f,1.46%,"666.6MiB / 15.48GiB",4.21%,"8.93MB / 85.1MB","0B / 0B",243
1741073964,eb253892f3bd,reverse-proxy-api-1,eb253892f3bd,0.08%,"70.76MiB / 200MiB",35.38%,"177kB / 139kB","0B / 0B",28
1741073976,6c254d08e82e,reverse-proxy-cache-1,6c254d08e82e,2.23%,"15.64MiB / 20MiB",78.22%,"115MB / 109MB","0B / 0B",18
1741073976,0a1b8a96593c,reverse-proxy-agent-1,0a1b8a96593c,32.77%,"5.332GiB / 15.48GiB",34.45%,"178MB / 114MB","0B / 0B",1430
1741073976,0fd010936a87,reverse-proxy-lb-1,0fd010936a87,0.07%,"89.75MiB / 15.48GiB",0.57%,"277kB / 341kB","0B / 0B",37
1741073976,515ff23d746f,reverse-proxy-controller-1,515ff23d746f,1.56%,"667.6MiB / 15.48GiB",4.21%,"9.1MB / 85.2MB","0B / 0B",243
1741073976,eb253892f3bd,reverse-proxy-api-1,eb253892f3bd,0.08%,"70.64MiB / 200MiB",35.32%,"182kB / 143kB","0B / 0B",24
1741073986,6c254d08e82e,reverse-proxy-cache-1,6c254d08e82e,6.38%,"15.68MiB / 20MiB",78.42%,"119MB / 112MB","0B / 0B",18
1741073986,0a1b8a96593c,reverse-proxy-agent-1,0a1b8a96593c,42.32%,"5.333GiB / 15.48GiB",34.46%,"182MB / 118MB","0B / 0B",1430
1741073986,0fd010936a87,reverse-proxy-lb-1,0fd010936a87,0.07%,"89.75MiB / 15.48GiB",0.57%,"285kB / 351kB","0B / 0B",37
1741073986,515ff23d746f,reverse-proxy-controller-1,515ff23d746f,0.91%,"669MiB / 15.48GiB",4.22%,"9.25MB / 85.2MB","0B / 0B",243
1741073986,eb253892f3bd,reverse-proxy-api-1,eb253892f3bd,0.08%,"69.83MiB / 200MiB",34.92%,"188kB / 148kB","0B / 0B",24
1741073998,6c254d08e82e,reverse-proxy-cache-1,6c254d08e82e,0.28%,"15.52MiB / 20MiB",77.62%,"122MB / 115MB","0B / 0B",18
1741073998,0a1b8a96593c,reverse-proxy-agent-1,0a1b8a96593c,43.13%,"5.333GiB / 15.48GiB",34.46%,"185MB / 122MB","0B / 0B",1430
1741073998,0fd010936a87,reverse-proxy-lb-1,0fd010936a87,0.09%,"89.77MiB / 15.48GiB",0.57%,"296kB / 364kB","0B / 0B",37
1741073998,515ff23d746f,reverse-proxy-controller-1,515ff23d746f,1.67%,"669.3MiB / 15.48GiB",4.22%,"9.43MB / 85.3MB","0B / 0B",243
1741073998,eb253892f3bd,reverse-proxy-api-1,eb253892f3bd,0.09%,"69.95MiB / 200MiB",34.97%,"195kB / 153kB","0B / 0B",27
1741074010,6c254d08e82e,reverse-proxy-cache-1,6c254d08e82e,0.00%,"15.52MiB / 20MiB",77.60%,"124MB / 117MB","0B / 0B",18
1741074010,0a1b8a96593c,reverse-proxy-agent-1,0a1b8a96593c,0.08%,"230.8MiB / 15.48GiB",1.46%,"187MB / 125MB","0B / 0B",46
1741074010,0fd010936a87,reverse-proxy-lb-1,0fd010936a87,0.08%,"89.75MiB / 15.48GiB",0.57%,"301kB / 371kB","0B / 0B",37
1741074010,515ff23d746f,reverse-proxy-controller-1,515ff23d746f,0.49%,"669.2MiB / 15.48GiB",4.22%,"9.59MB / 85.3MB","0B / 0B",233
1741074010,eb253892f3bd,reverse-proxy-api-1,eb253892f3bd,0.09%,"69.95MiB / 200MiB",34.97%,"198kB / 156kB","0B / 0B",27
1741074020,6c254d08e82e,reverse-proxy-cache-1,6c254d08e82e,0.00%,"15.52MiB / 20MiB",77.60%,"124MB / 117MB","0B / 0B",18
1741074020,0a1b8a96593c,reverse-proxy-agent-1,0a1b8a96593c,0.12%,"231.9MiB / 15.48GiB",1.46%,"187MB / 125MB","0B / 0B",46
1741074020,0fd010936a87,reverse-proxy-lb-1,0fd010936a87,0.07%,"89.76MiB / 15.48GiB",0.57%,"301kB / 371kB","0B / 0B",37
1741074020,515ff23d746f,reverse-proxy-controller-1,515ff23d746f,0.52%,"669.8MiB / 15.48GiB",4.23%,"9.6MB / 85.3MB","0B / 0B",232
1741074020,eb253892f3bd,reverse-proxy-api-1,eb253892f3bd,0.08%,"69.95MiB / 200MiB",34.97%,"198kB / 156kB","0B / 0B",27
